Date,Name,Year,Letterboxd URI
2023-12-24,Shoplifters,2018,https://boxd.it/ifY6
2023-12-24,Perfect Days,2023,https://boxd.it/ATh8
2023-12-24,MaXXXine,2024,https://boxd.it/CIM4
2023-12-25,Everything Everywhere All at Once,2022,https://boxd.it/jUk4
2023-12-26,The Teachers' Lounge,2023,https://boxd.it/BINY
2023-12-26,Anatomy of a Fall,2023,https://boxd.it/yuDE
2023-12-26,Broker,2022,https://boxd.it/rDUU
2023-12-26,Memories of Murder,2003,https://boxd.it/1TSo
2023-12-26,RRR,2022,https://boxd.it/ljDs
2023-12-26,The Banshees of Inisherin,2022,https://boxd.it/p7XS
2023-12-26,TÁR,2022,https://boxd.it/uNIA
2023-12-26,City of God,2002,https://boxd.it/2a2a
2023-12-27,All of Us Strangers,2023,https://boxd.it/Bz3C
2023-12-28,It Follows,2014,https://boxd.it/87wo
2023-12-28,The Cat in the Hat,2003,https://boxd.it/1VSU
2023-12-28,Cats,2019,https://boxd.it/jydK
2023-12-28,Leave the World Behind,2023,https://boxd.it/re0i
2023-12-28,Poor Things,2023,https://boxd.it/tNWU
2023-12-28,Barbie,2023,https://boxd.it/bCLK
2023-12-28,The Boy and the Heron,2023,https://boxd.it/ipeM
2023-12-28,Bottoms,2023,https://boxd.it/uGf2
2023-12-28,Migration,2023,https://boxd.it/ztfo
2023-12-28,Joker,2019,https://boxd.it/h4cS
2023-12-28,Past Lives,2023,https://boxd.it/oNB8
2023-12-28,Godzilla Minus One,2023,https://boxd.it/zu4c
2023-12-28,When Evil Lurks,2023,https://boxd.it/rXBe
2023-12-28,The Creator,2023,https://boxd.it/oXWq
2023-12-28,Mayhem!,2023,https://boxd.it/AdA8
2023-12-28,Nimona,2023,https://boxd.it/Aiyc
2023-12-28,Suzume,2022,https://boxd.it/yv7Y
2023-12-28,The Super Mario Bros. Movie,2023,https://boxd.it/i8C8
2023-12-28,Evil Dead Rise,2023,https://boxd.it/qIvo
2023-12-28,Sun and Concrete,2023,https://boxd.it/yuFq
2023-12-28,Talk to Me,2022,https://boxd.it/C6uQ
2023-12-28,Oldboy,2003,https://boxd.it/29R2
2023-12-28,Come and See,1985,https://boxd.it/1w9q
2023-12-28,Ikiru,1952,https://boxd.it/251c
2023-12-28,Heat,1995,https://boxd.it/2bg8
2023-12-28,Harakiri,1962,https://boxd.it/1NTU
2023-12-28,There Will Be Blood,2007,https://boxd.it/20Z2
2023-12-28,In the Mood for Love,2000,https://boxd.it/29tE
2023-12-28,The Dark Knight,2008,https://boxd.it/2b0k
2023-12-28,The Grand Budapest Hotel,2014,https://boxd.it/3ZqO
2023-12-28,Y Tu Mamá También,2001,https://boxd.it/28QM
2023-12-28,Se7en,1995,https://boxd.it/29zs
2023-12-28,La La Land,2016,https://boxd.it/a5fa
2023-12-28,Prisoners,2013,https://boxd.it/4E5i
2023-12-28,"Paris, Texas",1984,https://boxd.it/29Ts
2023-12-28,Hacksaw Ridge,2016,https://boxd.it/azew
2023-12-28,Mr. Nobody,2009,https://boxd.it/1k44
2023-12-28,The Tree of Life,2011,https://boxd.it/1Zu8
2023-12-28,The Thin Red Line,1998,https://boxd.it/1ZTM
2023-12-28,My Cousin Vinny,1992,https://boxd.it/1WpO
2023-12-28,Parasite,2019,https://boxd.it/hTha
2023-12-28,Incendies,2010,https://boxd.it/Msm
2023-12-28,The Social Network,2010,https://boxd.it/17ue
2023-12-28,Moonlight,2016,https://boxd.it/d6bE
2023-12-28,The Usual Suspects,1995,https://boxd.it/29XE
2023-12-28,A Knight's Tale,2001,https://boxd.it/1YAk
2023-12-28,Training Day,2001,https://boxd.it/27A4
2023-12-28,The Hunt,2012,https://boxd.it/3wEC
2023-12-28,Chungking Express,1994,https://boxd.it/1UDa
2023-12-28,Warrior,2011,https://boxd.it/i3G
2023-12-28,The Lives of Others,2006,https://boxd.it/2a4A
2023-12-28,Sling Blade,1996,https://boxd.it/1RRo
2023-12-28,The Big Lebowski,1998,https://boxd.it/2b6C
2023-12-28,The King's Speech,2010,https://boxd.it/dX0
2023-12-28,WALL·E,2008,https://boxd.it/1VEo
2023-12-28,Raise the Red Lantern,1991,https://boxd.it/1WlC
2023-12-28,Amores Perros,2000,https://boxd.it/2bfu
2023-12-28,Kikujiro,1999,https://boxd.it/24xc
2023-12-28,Sound of Metal,2019,https://boxd.it/i7Q4
2023-12-28,In Bruges,2008,https://boxd.it/20n8
2023-12-28,Get Out,2017,https://boxd.it/eOCm
2023-12-28,The Secret in Their Eyes,2009,https://boxd.it/1vWw
2023-12-28,The Naked Gun: From the Files of Police Squad!,1988,https://boxd.it/18YE
2023-12-28,Your Name.,2016,https://boxd.it/cUqs
2023-12-28,The Addams Family,1991,https://boxd.it/267g
2023-12-28,No Country for Old Men,2007,https://boxd.it/21ew
2023-12-28,Donnie Darko,2001,https://boxd.it/2b2A
2023-12-28,Idiocracy,2006,https://boxd.it/20RW
2023-12-28,Fargo,1996,https://boxd.it/2aHM
2023-12-28,"tick, tick... BOOM!",2021,https://boxd.it/jz2e
2023-12-28,Good Time,2017,https://boxd.it/fcFu
2023-12-28,"Three Billboards Outside Ebbing, Missouri",2017,https://boxd.it/ceBS
2023-12-28,Big Fish,2003,https://boxd.it/2a3M
2023-12-28,The Farewell,2019,https://boxd.it/kIky
2023-12-28,The Lobster,2015,https://boxd.it/7tnw
2023-12-28,Apocalypse Now,1979,https://boxd.it/6ZS
2023-12-28,Argo,2012,https://boxd.it/2czU
2023-12-28,A Serious Man,2009,https://boxd.it/1RFW
2023-12-28,Yi Yi,2000,https://boxd.it/1vCw
2023-12-28,The Pianist,2002,https://boxd.it/2aqc
2023-12-28,Pan's Labyrinth,2006,https://boxd.it/28No
2023-12-28,The Handmaiden,2016,https://boxd.it/948A
2023-12-28,The Salesman,2016,https://boxd.it/d2we
2023-12-28,Life of Pi,2012,https://boxd.it/37pC
2023-12-28,Birdman or (The Unexpected Virtue of Ignorance),2014,https://boxd.it/5RFA
2023-12-28,Tsotsi,2005,https://boxd.it/29pC
2023-12-28,Close,2022,https://boxd.it/y4qa
2023-12-28,The Silence of the Lambs,1991,https://boxd.it/2aHW
2023-12-28,Licorice Pizza,2021,https://boxd.it/qTKY
2023-12-28,Children of Men,2006,https://boxd.it/1Y2i
2023-12-28,First Man,2018,https://boxd.it/cPym
2023-12-28,Dune,2021,https://boxd.it/fA7G
2023-12-28,Up,2009,https://boxd.it/1OEc
2023-12-28,Little Miss Sunshine,2006,https://boxd.it/29EW
2023-12-28,The Witch,2015,https://boxd.it/9X0m
2023-12-28,The Descent,2005,https://boxd.it/1YNy
2023-12-28,Let the Right One In,2008,https://boxd.it/1Qr0
2023-12-28,Babe,1995,https://boxd.it/1Yh8
2023-12-28,Capernaum,2018,https://boxd.it/iM3s
2023-12-28,The Wolf of Wall Street,2013,https://boxd.it/3C1m
2023-12-28,A Quiet Place,2018,https://boxd.it/fVJQ
2023-12-28,Zootopia,2016,https://boxd.it/84xS
2023-12-28,The Favourite,2018,https://boxd.it/d2hI
2023-12-28,Gravity,2013,https://boxd.it/GZY
2023-12-28,Beau Is Afraid,2023,https://boxd.it/u2gE
2023-12-28,We Need to Talk About Kevin,2011,https://boxd.it/2pTS
2023-12-28,Judas and the Black Messiah,2021,https://boxd.it/lsew
2023-12-28,Minority Report,2002,https://boxd.it/2aWi
2023-12-28,The King of Comedy,1982,https://boxd.it/2aJS
2023-12-28,Klaus,2019,https://boxd.it/ipoi
2023-12-28,District 9,2009,https://boxd.it/1Iik
2023-12-28,Maleficent,2014,https://boxd.it/3v1u
2023-12-28,Hellraiser,1987,https://boxd.it/1Zpi
2023-12-28,Shame,2011,https://boxd.it/2CxU
2023-12-28,The Last Black Man in San Francisco,2019,https://boxd.it/iWAw
2023-12-28,Martyrs,2008,https://boxd.it/1Yqu
2023-12-28,Cube,1997,https://boxd.it/2aoU
2023-12-28,Event Horizon,1997,https://boxd.it/20d8
2023-12-28,Dawn of the Dead,2004,https://boxd.it/29gK
2023-12-28,Tremors,1990,https://boxd.it/1YSe
2023-12-28,The Hills Have Eyes,2006,https://boxd.it/1XNC
2023-12-28,Les Misérables,2019,https://boxd.it/lAPA
2023-12-28,Infested,2023,https://boxd.it/Egl4
2023-12-28,The Truman Show,1998,https://boxd.it/18U8
2023-12-28,Society of the Snow,2023,https://boxd.it/y9aw
2023-12-28,The Toxic Avenger,2023,https://boxd.it/bgbq
2023-12-28,Hit Man,2023,https://boxd.it/ANB2
2023-12-28,Return to Seoul,2022,https://boxd.it/zXDg
2023-12-28,Empire of Light,2022,https://boxd.it/uGpm
2023-12-28,EO,2022,https://boxd.it/txhc
2023-12-28,Ratatouille,2007,https://boxd.it/27ww
2023-12-28,Drive,2011,https://boxd.it/IG
2023-12-28,Requiem for a Dream,2000,https://boxd.it/29VI
2023-12-28,Shaun of the Dead,2004,https://boxd.it/29J8
2023-12-28,Inglourious Basterds,2009,https://boxd.it/1JzG
2023-12-28,Train to Busan,2016,https://boxd.it/dSQU
2023-12-28,Paddington 2,2017,https://boxd.it/bCF8
2023-12-28,Blue Ruin,2013,https://boxd.it/5H8G
2023-12-28,The Shawshank Redemption,1994,https://boxd.it/2aHi
2023-12-28,Deadpool,2016,https://boxd.it/9fOC
2023-12-28,It,2017,https://boxd.it/bC8e
2023-12-28,Lost in Translation,2003,https://boxd.it/2b0E
2023-12-28,Luca,2021,https://boxd.it/ipjC
2023-12-28,Ocean's Eleven,2001,https://boxd.it/2aZm
2023-12-28,American History X,1998,https://boxd.it/2bdo
2023-12-28,Borat: Cultural Learnings of America for Make Benefit Glorious Nation of Kazakhstan,2006,https://boxd.it/2agQ
2023-12-28,Amélie,2001,https://boxd.it/2aUc
2023-12-29,Midsommar,2019,https://boxd.it/jhxe
2023-12-29,Uncut Gems,2019,https://boxd.it/gXGc
2023-12-29,Civil War,2024,https://boxd.it/z1jW
2023-12-29,Ocean's Thirteen,2007,https://boxd.it/2aEy
2023-12-29,The Irishman,2019,https://boxd.it/dYOq
2023-12-29,Alien: Romulus,2024,https://boxd.it/zGqO
2023-12-29,Furiosa: A Mad Max Saga,2024,https://boxd.it/tABk
2023-12-29,Asteroid City,2023,https://boxd.it/s3ds
2023-12-29,No One Will Save You,2023,https://boxd.it/uUO6
2023-12-29,Cocaine Bear,2023,https://boxd.it/ugw2
2023-12-29,Untitled Cloverfield Sequel,,https://boxd.it/qr7O
2023-12-29,Rise of the Planet of the Apes,2011,https://boxd.it/cS4
2023-12-29,Alien,1979,https://boxd.it/2awY
2023-12-29,Sideways,2004,https://boxd.it/1Y5c
2023-12-29,Concrete Utopia,2023,https://boxd.it/rnf2
2023-12-29,BlackBerry,2023,https://boxd.it/CoVK
2023-12-29,The Nice Guys,2016,https://boxd.it/94Hg
2023-12-29,Sanctuary,2022,https://boxd.it/wPKW
2023-12-29,How to Have Sex,2023,https://boxd.it/EFIM
2023-12-29,Mad God,2021,https://boxd.it/vVPm
2023-12-30,The Perks of Being a Wallflower,2012,https://boxd.it/2ZA8
2023-12-30,Call Me by Your Name,2017,https://boxd.it/dYmm
2023-12-30,Taxi Driver,1976,https://boxd.it/2b8y
2023-12-30,Werner and the Wizard of Booze,1990,https://boxd.it/1XUS
2023-12-30,The SpongeBob SquarePants Movie,2004,https://boxd.it/1SYq
2023-12-30,Paddington,2014,https://boxd.it/3RKw
2023-12-30,Paddington in Peru,2024,https://boxd.it/iJve
2023-12-30,Barbarian,2022,https://boxd.it/yohi
2023-12-30,BEEF,2023,https://boxd.it/FPsm
2023-12-30,Rye Lane,2023,https://boxd.it/DIyy
2023-12-30,DAHMER - Monster: The Jeffrey Dahmer Story,2022,https://boxd.it/CRG0
2023-12-30,The Woman King,2022,https://boxd.it/r9a8
2023-12-30,The Whale,2022,https://boxd.it/tw4c
2023-12-30,Cha Cha Real Smooth,2022,https://boxd.it/uF8E
2023-12-30,Cure,1997,https://boxd.it/1blA
2023-12-30,The Act of Killing,2012,https://boxd.it/44Cg
2023-12-30,Toni Erdmann,2016,https://boxd.it/d0xu
2023-12-30,When They See Us,2019,https://boxd.it/kbJU
2023-12-30,Guardians of the Galaxy,2014,https://boxd.it/3VH2
2023-12-30,28 Days Later,2002,https://boxd.it/2aXU
2023-12-30,Holes,2003,https://boxd.it/20mE
2023-12-30,The Simpsons Movie,2007,https://boxd.it/6YU
2023-12-30,Split,2016,https://boxd.it/dgSy
2023-12-30,Babylon,2022,https://boxd.it/mM02
2023-12-30,Fallen Angels,1995,https://boxd.it/1UkW
2023-12-31,Jennifer's Body,2009,https://boxd.it/1Efw
2023-12-31,Dream Scenario,2023,https://boxd.it/v2h0
2024-01-01,Goodnight Mommy,2014,https://boxd.it/8Niy
2024-01-01,The Aristocats,1970,https://boxd.it/1X3Y
2024-01-01,Pokémon Detective Pikachu,2019,https://boxd.it/fVA0
2024-01-01,Avatar,2009,https://boxd.it/1Efm
2024-01-01,Bean,1997,https://boxd.it/28WA
2024-01-01,Mr. Bean's Holiday,2007,https://boxd.it/28Yc
2024-01-01,Johnny English,2003,https://boxd.it/1YyI
2024-01-02,Marcel the Shell with Shoes On,2021,https://boxd.it/wMAk
2024-01-02,Mars One,2022,https://boxd.it/yoPa
2024-01-02,Burning Days,2022,https://boxd.it/psok
2024-01-02,Missing Home,2022,https://boxd.it/y8tW
2024-01-02,Joyland,2022,https://boxd.it/AlzM
2024-01-02,Beautiful Boy,2018,https://boxd.it/g76Q
2024-01-02,The Graduate,1967,https://boxd.it/18Im
2024-01-13,Monster,2023,https://boxd.it/DJEM
2024-01-17,Moon,2009,https://boxd.it/1IGQ
2024-01-26,Fallen Leaves,2023,https://boxd.it/Bgew
2024-01-26,Oppenheimer,2023,https://boxd.it/wUow
2024-01-26,Leo,2023,https://boxd.it/EGzm
2024-01-26,Bullet Train,2022,https://boxd.it/qW26
2024-01-26,Skinamarink,2022,https://boxd.it/ByDO
2024-01-26,Turning Red,2022,https://boxd.it/ipkq
2024-01-26,The Black Phone,2021,https://boxd.it/sqFE
2024-01-26,The Sadness,2021,https://boxd.it/tcHe
2024-02-04,The Zone of Interest,2023,https://boxd.it/gJsA
2024-02-13,Orion and the Dark,2024,https://boxd.it/H2TW
2024-02-13,War Pony,2022,https://boxd.it/Alzi
2024-02-20,Save the Green Planet!,2003,https://boxd.it/1Uco
2024-02-21,If Beale Street Could Talk,2018,https://boxd.it/gGhu
2024-02-24,Spaceman,2024,https://boxd.it/nC20
2024-02-24,Weathering with You,2019,https://boxd.it/kPxE
2024-02-26,Drive-Away Dolls,2024,https://boxd.it/A8vi
2024-02-26,Promising Young Woman,2020,https://boxd.it/loRE
2024-02-26,Irreversible,2002,https://boxd.it/29as
2024-02-27,Chernobyl: The Lost Tapes,2022,https://boxd.it/zDrY
2024-02-27,Threads,1984,https://boxd.it/1I0g
2024-02-27,The Sympathizer,2024,https://boxd.it/G4lK
2024-02-29,Free Solo,2018,https://boxd.it/iEEq
2024-02-29,My Octopus Teacher,2020,https://boxd.it/prk2
2024-02-29,Cosmos,2014,https://boxd.it/J34E
2024-03-03,Minari,2020,https://boxd.it/mL9M
2024-03-03,Still Walking,2008,https://boxd.it/1wvm
2024-03-03,Tokyo Story,1953,https://boxd.it/1HuY
2024-03-03,Zodiac,2007,https://boxd.it/27MO
2024-03-10,Is That Black Enough for You?!?,2022,https://boxd.it/CjyQ
2024-03-10,Boyz n the Hood,1991,https://boxd.it/29Ug
2024-03-10,Menace II Society,1993,https://boxd.it/1Yuc
2024-03-10,Do the Right Thing,1989,https://boxd.it/29gA
2024-03-31,Love Lies Bleeding,2024,https://boxd.it/zN4q
2024-04-03,A Star Is Born,2018,https://boxd.it/aXgc
2024-04-06,Monkey Man,2024,https://boxd.it/kvsO
2024-04-06,Interstellar,2014,https://boxd.it/4VZ8
2024-04-06,Problemista,2023,https://boxd.it/waGO
2024-04-06,Gone Girl,2014,https://boxd.it/6hQu
2024-04-06,Next Goal Wins,2023,https://boxd.it/mZTu
2024-04-06,Dead Poets Society,1989,https://boxd.it/2aSg
2024-04-06,Top Gun: Maverick,2022,https://boxd.it/cjr4
2024-04-06,Fantastic Mr. Fox,2009,https://boxd.it/1WyQ
2024-04-06,Once Upon a Time... in Hollywood,2019,https://boxd.it/gH0O
2024-04-06,The Lord of the Rings: The Fellowship of the Ring,2001,https://boxd.it/2b5O
2024-04-06,The Menu,2022,https://boxd.it/lScm
2024-04-06,The Talented Mr. Ripley,1999,https://boxd.it/2924
2024-04-06,Howl's Moving Castle,2004,https://boxd.it/23De
2024-04-06,Blade Runner 2049,2017,https://boxd.it/b8wK
2024-04-06,The First Omen,2024,https://boxd.it/fx08
2024-04-06,Spider-Man: Into the Spider-Verse,2018,https://boxd.it/azpY
2024-04-06,Juno,2007,https://boxd.it/210a
2024-04-06,The Virgin Suicides,1999,https://boxd.it/28JG
2024-04-06,The Passion of the Christ,2004,https://boxd.it/29ZK
2024-04-06,The Worst Person in the World,2021,https://boxd.it/oyws
2024-04-06,Princess Mononoke,1997,https://boxd.it/2b4w
2024-04-06,Only Yesterday,1991,https://boxd.it/1MR4
2024-04-06,House of Tolerance,2011,https://boxd.it/2Yjq
2024-04-07,Almost Famous,2000,https://boxd.it/29CQ
2024-04-07,Radical,2023,https://boxd.it/E37o
2024-04-07,Starship Troopers,1997,https://boxd.it/2a7k
2024-04-07,May December,2023,https://boxd.it/vEE2
2024-04-07,The Deepest Breath,2023,https://boxd.it/E35i
2024-04-07,Blackfish,2013,https://boxd.it/4Ym4
2024-04-07,Mars Express,2023,https://boxd.it/lATC
2024-04-07,Shin Godzilla,2016,https://boxd.it/a9lm
2024-04-07,A Quiet Place: Day One,2024,https://boxd.it/sDAi
2024-04-07,Challengers,2024,https://boxd.it/zld0
2024-04-07,I Saw the TV Glow,2024,https://boxd.it/woVe
2024-04-07,Kinds of Kindness,2024,https://boxd.it/CWPw
2024-04-07,Boy Kills World,2023,https://boxd.it/xhG4
2024-04-07,In a Violent Nature,2024,https://boxd.it/K5eI
2024-04-07,Anora,2024,https://boxd.it/Egcw
2024-04-07,The Bikeriders,2023,https://boxd.it/C6Ym
2024-04-07,Mickey 17,2025,https://boxd.it/q1Dk
2024-04-07,Nosferatu,2024,https://boxd.it/f5eG
2024-04-07,Andhadhun,2018,https://boxd.it/jtfc
2024-04-07,Koko-di Koko-da,2019,https://boxd.it/kIni
2024-04-07,Havoc,2025,https://boxd.it/oTok
2024-04-07,Venom,2018,https://boxd.it/b8wA
2024-04-07,Black Hawk Down,2001,https://boxd.it/29rI
2024-04-07,1917,2019,https://boxd.it/jj4y
2024-04-07,Penguins of Madagascar,2014,https://boxd.it/89tc
2024-04-07,'Til Madness Do Us Part,2013,https://boxd.it/6oFS
2024-04-07,Kadaisi Vivasayi,2021,https://boxd.it/mGrm
2024-04-07,The Salt of the Earth,2014,https://boxd.it/7Uyc
2024-04-07,Chernobyl,2019,https://boxd.it/mkbG
2024-04-07,Ran,1985,https://boxd.it/1Tlu
2024-04-07,"The Good, the Bad and the Ugly",1966,https://boxd.it/2ape
2024-04-07,It's a Sin,2021,https://boxd.it/tEyu
2024-04-07,Mommy,2014,https://boxd.it/7Uau
2024-04-07,The Departed,2006,https://boxd.it/28MA
2024-04-07,"Are You There God? It's Me, Margaret.",2023,https://boxd.it/kiYC
2024-04-07,A Brighter Summer Day,1991,https://boxd.it/1Luy
2024-04-07,Grave of the Fireflies,1988,https://boxd.it/1RUM
2024-04-07,Close-Up,1990,https://boxd.it/1m9q
2024-04-07,A Separation,2011,https://boxd.it/gvo
2024-04-07,Love Exposure,2008,https://boxd.it/1pDe
2024-04-07,Eternity and a Day,1998,https://boxd.it/1wSq
2024-04-07,Nobody Knows,2004,https://boxd.it/26E0
2024-04-07,Landscape in the Mist,1988,https://boxd.it/JRy
2024-04-07,Taste of Cherry,1997,https://boxd.it/1m8W
2024-04-07,2001: A Space Odyssey,1968,https://boxd.it/2bf0
2024-04-07,Mulholland Drive,2001,https://boxd.it/297o
2024-04-07,Eureka,2000,https://boxd.it/16TC
2024-04-07,Where Is the Friend's House?,1987,https://boxd.it/ELg
2024-04-07,"Life, and Nothing More…",1992,https://boxd.it/2WEc
2024-04-07,Saving Private Ryan,1998,https://boxd.it/29ro
2024-04-07,The Prestige,2006,https://boxd.it/293w
2024-04-07,Secrets & Lies,1996,https://boxd.it/1UuC
2024-04-07,Amour,2012,https://boxd.it/34Q6
2024-04-07,The Green Mile,1999,https://boxd.it/2agG
2024-04-07,Showgirls,1995,https://boxd.it/1Vmk
2024-04-07,Benedetta,2021,https://boxd.it/gdNQ
2024-04-07,Elle,2016,https://boxd.it/bdhq
2024-04-08,Gomorrah,2008,https://boxd.it/1ZG4
2024-04-08,Dogman,2018,https://boxd.it/hniA
2024-04-08,Kill,2023,https://boxd.it/HTqS
2024-04-08,Pariah,2011,https://boxd.it/2wWk
2024-04-08,The Girl with the Dragon Tattoo,2009,https://boxd.it/1Mb8
2024-04-08,The Kids Are All Right,2010,https://boxd.it/13f0
2024-04-08,The Killing of a Sacred Deer,2017,https://boxd.it/dZ5G
2024-04-08,The Voyeurs,2021,https://boxd.it/nZoe
2024-04-08,The Hurt Locker,2008,https://boxd.it/1Soi
2024-04-08,Brand New Cherry Flavor,2021,https://boxd.it/wlSQ
2024-04-15,In the Line of Duty 4,1989,https://boxd.it/134G
2024-04-16,The Iron Claw,2023,https://boxd.it/w5Pm
2024-04-17,In the Line of Duty 3,1988,https://boxd.it/ylc
2024-04-17,The Naked Gun 2½: The Smell of Fear,1991,https://boxd.it/18Yu
2024-04-17,Naked Gun 33⅓: The Final Insult,1994,https://boxd.it/1afQ
2024-04-17,Airplane!,1980,https://boxd.it/29yu
2024-04-20,Boiling Point,2021,https://boxd.it/uo2u
2024-04-22,Late Night with the Devil,2023,https://boxd.it/zo6G
2024-04-23,Partly Cloudy,2009,https://boxd.it/1xzE
2024-04-23,GoodFellas,1990,https://boxd.it/29FA
2024-04-23,Ring,1998,https://boxd.it/26tw
2024-04-23,Lady Bird,2017,https://boxd.it/dGNE
2024-04-23,Thirteen,2003,https://boxd.it/1UPK
2024-04-23,Boyhood,2014,https://boxd.it/3178
2024-04-23,M3GAN,2022,https://boxd.it/jxmG
2024-04-23,Happy Together,1997,https://boxd.it/1Ha0
2024-04-23,Burning,2018,https://boxd.it/hHUa
2024-04-23,Take Out,2004,https://boxd.it/17DA
2024-04-23,Starlet,2012,https://boxd.it/3dvG
2024-04-23,Red Rocket,2021,https://boxd.it/sGpi
2024-04-23,Tangerine,2015,https://boxd.it/9QRe
2024-04-23,The Florida Project,2017,https://boxd.it/dMG0
2024-04-24,Zombieland,2009,https://boxd.it/1En6
2024-04-24,Longlegs,2024,https://boxd.it/KzLM
2024-04-24,Exhuma,2024,https://boxd.it/vCu0
2024-04-24,Sasquatch Sunset,2024,https://boxd.it/Coz0
2024-04-24,Dìdi (弟弟),2024,https://boxd.it/HQOW
2024-04-24,Nightbitch,2024,https://boxd.it/rk8s
2024-04-24,The Watchers,2024,https://boxd.it/F6Rw
2024-04-24,Baby Reindeer,2024,https://boxd.it/MwSa
2024-04-24,The Nightingale,2018,https://boxd.it/e1Ga
2024-04-24,Demigod: The Legend Begins,2022,https://boxd.it/yS7s
2024-04-24,Green Room,2015,https://boxd.it/a75m
2024-04-25,Anyone But You,2023,https://boxd.it/EzA8
2024-04-25,The Ministry of Ungentlemanly Warfare,2024,https://boxd.it/u5zu
2024-04-25,The SpongeBob Movie: Sponge on the Run,2020,https://boxd.it/e1Ac
2024-04-27,How to Train Your Dragon,2010,https://boxd.it/1WRy
2024-04-28,Cobweb,2023,https://boxd.it/qywG
2024-04-28,Cuckoo,2024,https://boxd.it/wMjI
2024-04-29,K-9,1989,https://boxd.it/1Wuu
2024-04-29,The Killer,1989,https://boxd.it/1Vha
2024-04-29,Fly Me to the Moon,2024,https://boxd.it/A7Xg
2024-04-29,City Hunter,2024,https://boxd.it/EbKS
2024-04-29,Gangs of New York,2002,https://boxd.it/25FG
2024-04-29,The Butterfly Effect,2004,https://boxd.it/27M0
2024-04-30,Downfall,2004,https://boxd.it/2a04
2024-04-30,Winnie-the-Pooh: Blood and Honey 2,2024,https://boxd.it/EPuU
2024-05-01,Songs from the Second Floor,2000,https://boxd.it/1eoM
2024-05-11,Kingdom of the Planet of the Apes,2024,https://boxd.it/ohEE
2024-05-12,Chime,2024,https://boxd.it/KiS2
2024-05-12,Youth,2015,https://boxd.it/9Y7S
2024-05-12,Untitled The Batman Sequel,2027,https://boxd.it/umDy
2024-05-12,Ripley,2024,https://boxd.it/LT5S
2024-05-12,Reality,2023,https://boxd.it/BeLI
2024-05-13,Lee,2023,https://boxd.it/vpTG
2024-05-19,Manjummel Boys,2024,https://boxd.it/EtUc
2024-05-19,The Fighter,2010,https://boxd.it/PP4
2024-05-19,The Raid 2,2014,https://boxd.it/5uz0
2024-05-19,Blade Runner,1982,https://boxd.it/2bcA
2024-05-19,Departures,2008,https://boxd.it/1JFa
2024-05-19,Wasabi,2001,https://boxd.it/27pK
2024-05-20,Tyrannosaur,2011,https://boxd.it/2DUA
2024-05-20,Fear and Loathing in Las Vegas,1998,https://boxd.it/27Xs
2024-05-21,The Running Man,2025,https://boxd.it/u36A
2024-05-21,Brigsby Bear,2017,https://boxd.it/ebkS
2024-05-21,Palm Springs,2020,https://boxd.it/lCXQ
2024-05-22,Free Guy,2021,https://boxd.it/k8dm
2024-05-22,Pirates of the Caribbean: The Curse of the Black Pearl,2003,https://boxd.it/70G
2024-05-22,Anchorman: The Legend of Ron Burgundy,2004,https://boxd.it/1ZVo
2024-05-22,The Disaster Artist,2017,https://boxd.it/cTqc
2024-05-22,Black Dog,2024,https://boxd.it/Lzqm
2024-05-22,Demon Seed,1977,https://boxd.it/1Glm
2024-05-23,Tour de Pharmacy,2017,https://boxd.it/gnxS
2024-05-23,Waves,2019,https://boxd.it/jpmy
2024-05-23,A Sun,2019,https://boxd.it/n3uo
2024-05-23,The Room,2003,https://boxd.it/1ICY
2024-05-23,Last Night in Soho,2021,https://boxd.it/lbJC
2024-05-23,Scott Pilgrim vs. the World,2010,https://boxd.it/1Aq6
2024-05-23,High Fidelity,2000,https://boxd.it/2aMW
2024-05-23,Eternal Sunshine of the Spotless Mind,2004,https://boxd.it/6YK
2024-05-23,Blue Velvet,1986,https://boxd.it/29BI
2024-05-23,The Elephant Man,1980,https://boxd.it/27LQ
2024-05-24,Cinderella Man,2005,https://boxd.it/29he
2024-05-24,How the Grinch Stole Christmas,2000,https://boxd.it/1ZHQ
2024-05-24,A Beautiful Mind,2001,https://boxd.it/2amk
2024-05-24,You Were Never Really Here,2017,https://boxd.it/dWOS
2024-05-24,American Honey,2016,https://boxd.it/bk7C
2024-05-24,Titane,2021,https://boxd.it/nlQC
2024-05-24,Unbreakable,2000,https://boxd.it/1XV2
2024-05-25,Harold & Kumar Go to White Castle,2004,https://boxd.it/1Ueu
2024-05-27,His House,2020,https://boxd.it/l8Qq
2024-05-28,Cars,2006,https://boxd.it/29ho
2024-05-29,The Fall Guy,2024,https://boxd.it/s0Bm
2024-05-30,Good Will Hunting,1997,https://boxd.it/2ahY
2024-05-30,Dazed and Confused,1993,https://boxd.it/1Ylk
2024-05-30,Booksmart,2019,https://boxd.it/igNS
2024-06-03,Eric,2024,https://boxd.it/NsHE
2024-06-06,Project: ALF,1996,https://boxd.it/1UYs
2024-06-12,Hardcore Never Dies,2023,https://boxd.it/FKRm
2024-06-12,Inside Out 2,2024,https://boxd.it/CFrC
2024-06-12,Inside Out,2015,https://boxd.it/4KHC
2024-06-23,A Better Tomorrow,1986,https://boxd.it/1TLW
2024-06-27,Daddio,2023,https://boxd.it/vOlY
2024-07-03,Green Street Hooligans,2005,https://boxd.it/1ZA6
2024-07-03,Police Academy,1984,https://boxd.it/1YWg
2024-07-03,The Damned United,2009,https://boxd.it/1ByU
2024-07-04,Looking for Eric,2009,https://boxd.it/1G6m
2024-07-06,White Boy Rick,2018,https://boxd.it/fAwG
2024-07-07,Beetlejuice,1988,https://boxd.it/24QI
2024-07-07,Defending Jacob,2020,https://boxd.it/q2VE
2024-07-07,Beverly Hills Cop,1984,https://boxd.it/2baE
2024-07-07,Munich,2005,https://boxd.it/2a0e
2024-07-07,Catch Me If You Can,2002,https://boxd.it/29VS
2024-07-07,The 13th Warrior,1999,https://boxd.it/27Ss
2024-07-11,Freaks Out,2021,https://boxd.it/kYWS
2024-07-16,Look Who's Back,2015,https://boxd.it/akeQ
2024-07-21,Twilight of the Warriors: Walled In,2024,https://boxd.it/yNla
2024-07-28,The Substance,2024,https://boxd.it/zanS
2024-08-11,The Day After,1983,https://boxd.it/21cg
2024-08-13,The First Slam Dunk,2022,https://boxd.it/tt94
2024-08-24,Blink Twice,2024,https://boxd.it/vIOg
2024-09-02,Strange Darling,2023,https://boxd.it/CVIk
2024-09-04,The Man from Earth,2007,https://boxd.it/1Ql2
2024-09-09,Pulse,2001,https://boxd.it/1s3y
2024-09-09,Perfect Blue,1997,https://boxd.it/1W7A
2024-09-09,Paprika,2006,https://boxd.it/23wW
2024-09-12,The Wild Robot,2024,https://boxd.it/IWFy
2024-09-12,Rebel Ridge,2024,https://boxd.it/nZum
2024-09-13,The Million Game,1970,https://boxd.it/2344
2024-09-18,Casino,1995,https://boxd.it/2ads
2024-09-21,Ready or Not,2019,https://boxd.it/kOf0
2024-09-21,The Room Next Door,2024,https://boxd.it/Fb4k
2024-09-21,A Different Man,2024,https://boxd.it/BoEC
2024-09-22,Kingsman: The Secret Service,2014,https://boxd.it/6dxe
2024-09-22,Black Swan,2010,https://boxd.it/Sw0
2024-09-24,Amistad,1997,https://boxd.it/1SZ4
2024-09-24,A Boy and His Dog,1975,https://boxd.it/23FO
2024-09-24,Ghosts of Hiroshima,,https://boxd.it/QixK
2024-09-24,Fight Club,1999,https://boxd.it/2a9q
2024-09-24,His Three Daughters,2023,https://boxd.it/HGx2
2024-09-24,Rabiye Kurnaz vs. George W. Bush,2022,https://boxd.it/yuMG
2024-09-24,Apollo 13,1995,https://boxd.it/2a6G
2024-09-25,Monsters: The Lyle and Erik Menendez Story,2024,https://boxd.it/QlGq
2024-10-04,Will & Harper,2024,https://boxd.it/K5eo
2024-10-06,3:10 to Yuma,2007,https://boxd.it/23g0
2024-10-06,Vampyres,1974,https://boxd.it/1kmW
2024-10-06,Room,2015,https://boxd.it/7T0y
2024-10-06,Saloum,2021,https://boxd.it/wp1w
2024-10-06,¡Casa Bonita Mi Amor!,2024,https://boxd.it/MKKa
2024-10-07,Ponyo,2008,https://boxd.it/1S0A
2024-10-07,The Mist,2007,https://boxd.it/22r2
2024-10-07,Kick-Ass,2010,https://boxd.it/1zaQ
2024-10-07,(500) Days of Summer,2009,https://boxd.it/1EmM
2024-10-08,The Brutalist,2024,https://boxd.it/k4BO
2024-10-08,Pig,2021,https://boxd.it/nzoW
2024-10-08,Reservoir Dogs,1992,https://boxd.it/2agc
2024-10-10,Eyes Wide Shut,1999,https://boxd.it/2axs
2024-10-13,Elvira: Mistress of the Dark,1988,https://boxd.it/22LG
2024-10-14,Papicha,2019,https://boxd.it/lPAq
2024-10-17,Smile 2,2024,https://boxd.it/FDA4
2024-10-29,The Apprentice,2024,https://boxd.it/IPqG
2024-10-29,Conclave,2024,https://boxd.it/AO8q
2024-10-30,Trainspotting,1996,https://boxd.it/29XY
2024-10-30,Collateral,2004,https://boxd.it/28F0
2024-10-30,Point Break,1991,https://boxd.it/2958
2024-10-30,The Fugitive,1993,https://boxd.it/230G
2024-10-31,Her,2013,https://boxd.it/4O24
2024-11-11,Vampyr,1932,https://boxd.it/29DY
2024-11-13,Audition,1999,https://boxd.it/1UHm
2024-11-13,Flow,2024,https://boxd.it/v1Ei
2024-11-18,Possession,1981,https://boxd.it/1BPm
2024-11-30,A Prophet,2009,https://boxd.it/1BGE
2024-11-30,Nickel Boys,2024,https://boxd.it/CStQ
2024-12-01,Babygirl,2024,https://boxd.it/Fvai
2024-12-08,A Real Pain,2024,https://boxd.it/CjNG
2024-12-08,Wolfwalkers,2020,https://boxd.it/fGrC
2024-12-09,Red Rooms,2023,https://boxd.it/ym4c
2024-12-11,Under the Silver Lake,2018,https://boxd.it/dSAs
2024-12-11,The Beach Bum,2019,https://boxd.it/fH4O
2024-12-11,The Art of Self-Defense,2019,https://boxd.it/hf5y
2024-12-11,Sightseers,2012,https://boxd.it/3V4Y
2024-12-11,In Fabric,2018,https://boxd.it/h2sY
2024-12-12,Look Back,2024,https://boxd.it/LjA6
2024-12-12,28 Weeks Later,2007,https://boxd.it/28Bi
2024-12-12,28 Years Later,2025,https://boxd.it/FEGM
2024-12-12,T2 Trainspotting,2017,https://boxd.it/5vTA
2024-12-12,What Have I Done to Deserve This?,1984,https://boxd.it/20t6
2024-12-14,"Merry Christmas, Mr. Lawrence",1983,https://boxd.it/1SHu
2024-12-15,Scary Movie,2026,https://boxd.it/MxEo
2024-12-15,Kneecap,2024,https://boxd.it/ILxI
2024-12-15,Wild Things,1998,https://boxd.it/29Zq
2024-12-15,Cruel Intentions,1999,https://boxd.it/29Be
2024-12-15,Basic Instinct,1992,https://boxd.it/2asM
2024-12-15,Fatal Attraction,1987,https://boxd.it/1UTC
2024-12-16,Disclaimer,2024,https://boxd.it/PDv4
2024-12-16,Big Little Lies,2017,https://boxd.it/fYde
2024-12-17,Into the Wild,2007,https://boxd.it/22m2
2024-12-17,Urotsukidōji: Legend of the Overfiend,1989,https://boxd.it/I1c
2024-12-18,Popstar: Never Stop Never Stopping,2016,https://boxd.it/blDa
2024-12-18,One Cut of the Dead,2017,https://boxd.it/iAFu
2024-12-18,Long Shot,2019,https://boxd.it/grG0
2024-12-18,BlacKkKlansman,2018,https://boxd.it/hxL8
2024-12-18,Mississippi Burning,1988,https://boxd.it/28r8
2024-12-18,Black Dynamite,2009,https://boxd.it/1wX6
2024-12-20,Deerskin,2019,https://boxd.it/lqOW
2024-12-20,Queer,2024,https://boxd.it/E4RW
2024-12-25,Jack Frost,1998,https://boxd.it/1XUo
2024-12-28,Marriage Story,2019,https://boxd.it/hJAw
2024-12-28,Isle of Dogs,2018,https://boxd.it/dZrW
2024-12-28,Ichi the Killer,2001,https://boxd.it/1Y1O
2024-12-28,Robot Dreams,2023,https://boxd.it/vBZm
2024-12-28,"Like Father, Like Son",2013,https://boxd.it/5rQs
2024-12-29,Wallace & Gromit: Vengeance Most Fowl,2024,https://boxd.it/z14C
2024-12-29,Samuel,2024,https://boxd.it/LWKk
2024-12-30,Idle Hands,1999,https://boxd.it/21xI
2024-12-30,Terrifier 3,2024,https://boxd.it/D8tM
2024-12-30,Blindspotting,2018,https://boxd.it/hDMw
2024-12-30,The Nude Vampire,1970,https://boxd.it/1AvK
2024-12-31,Scarface,1983,https://boxd.it/2b7g
2024-12-31,The Last Emperor,1987,https://boxd.it/29Ji
2024-12-31,A Complete Unknown,2024,https://boxd.it/oBYa
2024-12-31,Beyond the Valley of the Dolls,1970,https://boxd.it/22GQ
2024-12-31,"Faster, Pussycat! Kill! Kill!",1965,https://boxd.it/2aBO
2024-12-31,Bound,1996,https://boxd.it/1Z1g
2024-12-31,Supervixens,1975,https://boxd.it/22Gm
2024-12-31,Who Framed Roger Rabbit,1988,https://boxd.it/29ry
2024-12-31,City of Women,1980,https://boxd.it/1SJg
2024-12-31,Wallace & Gromit: The Curse of the Were-Rabbit,2005,https://boxd.it/2ac0
2024-12-31,Chicken Run,2000,https://boxd.it/20Xg
2024-12-31,Chicken Run: Dawn of the Nugget,2023,https://boxd.it/iTww
2025-01-02,Piranha 3D,2010,https://boxd.it/U5q
2025-01-02,Carry-On,2024,https://boxd.it/C0B2
2025-01-02,Rocketman,2019,https://boxd.it/iehK
2025-01-02,Barb Wire,1996,https://boxd.it/1STK
2025-01-03,Schindler's List,1993,https://boxd.it/2aq2
2025-01-03,L.A. Confidential,1997,https://boxd.it/27oC
2025-01-03,Sicario,2015,https://boxd.it/8i7u
2025-01-04,Lethal Weapon,1987,https://boxd.it/29e0
2025-01-04,Dances with Wolves,1990,https://boxd.it/2a4K
2025-01-04,Deliverance,1972,https://boxd.it/1VGk
2025-01-04,The Mouse and the Motorcycle,1986,https://boxd.it/aaE
2025-01-06,The Accountant,2016,https://boxd.it/9EhI
2025-01-06,The Naked Gun,2025,https://boxd.it/Da9k
2025-01-06,Snapdragon,1993,https://boxd.it/107C
2025-01-06,Raw Justice,1994,https://boxd.it/1dkY
2025-01-06,The Lighthouse,2019,https://boxd.it/icFU
2025-01-06,Finding Nemo,2003,https://boxd.it/72i
2025-01-06,John Wick,2014,https://boxd.it/7dEc
2025-01-06,Coraline,2009,https://boxd.it/1NhQ
2025-01-06,Spirited Away,2001,https://boxd.it/2b4m
2025-01-06,My Neighbor Totoro,1988,https://boxd.it/20eA
2025-01-07,A Woman Under the Influence,1974,https://boxd.it/1myg
2025-01-08,The Lego Movie,2014,https://boxd.it/4pDO
2025-01-08,Glass Onion,2022,https://boxd.it/oCkK
2025-01-13,The Seed of the Sacred Fig,2024,https://boxd.it/MKo4
2025-01-13,True Romance,1993,https://boxd.it/2aBa
2025-01-16,Transformers One,2024,https://boxd.it/q7bc
2025-01-23,Sing Sing,2023,https://boxd.it/HIBA
2025-01-27,High and Low,1963,https://boxd.it/1RSc
2025-01-29,The Deer Hunter,1978,https://boxd.it/1T6O
2025-01-31,Son of Saul,2015,https://boxd.it/b6r4
2025-02-02,Dead Talents Society,2024,https://boxd.it/C3y6
2025-03-24,Adolescence,2025,https://boxd.it/TFGw
2025-04-14,Project Hail Mary,2026,https://boxd.it/pEeQ
2025-04-14,The Martian,2015,https://boxd.it/8SeG
2025-04-19,Sinners,2025,https://boxd.it/KQMM
2025-04-19,Black Bag,2025,https://boxd.it/KRbM
2025-04-19,HIM,2025,https://boxd.it/BfYI
2025-04-20,Warfare,2025,https://boxd.it/LbRo
2025-04-30,The Smashing Machine,2025,https://boxd.it/syUC
2025-05-03,"Josee, the Tiger and the Fish",2020,https://boxd.it/oh1i
2025-05-03,Death of a Unicorn,2025,https://boxd.it/HCPm
2025-05-03,The Legend of Ochi,2025,https://boxd.it/xRZm
2025-05-03,Thunderbolts*,2025,https://boxd.it/BfbQ
2025-05-18,The Life of Chuck,2024,https://boxd.it/vMTu
2025-05-25,Together,2025,https://boxd.it/LdFE
2025-06-01,Dear Zachary: A Letter to a Son About His Father,2008,https://boxd.it/1LW8
2025-06-08,Jacob's Ladder,1990,https://boxd.it/270g
2025-06-20,Sleepy Hollow,1999,https://boxd.it/26u0
2025-06-20,Mercy for None,2025,https://boxd.it/VuTe
2025-06-23,Deep Cover,1992,https://boxd.it/1D5g
2025-06-23,Sunshine,2007,https://boxd.it/28Xy
2025-07-14,Bring Her Back,2025,https://boxd.it/Hxlc
2025-07-14,When the Wind Blows,1986,https://boxd.it/1VdC
2025-07-15,The Ballad of Wallis Island,2025,https://boxd.it/GqT0
